seed,N,tau_c,feature_mode,I_dec_bits_per_s,r2_test,mse_test,var_S_test,clipped,rate_mean_Hz,trial_count,trial_T_s,null_stimulus
0,500,0.1,rate_lags,37.30116808224522,0.40375521894024546,0.40006854960702054,0.6709803797281878,False,4.475784950982276,6,6.0,False
1,500,0.1,rate_lags,55.34330166110995,0.5356984614141324,0.5033198766697935,1.084036633180886,False,5.267873013413257,6,6.0,False
0,1000,0.1,rate_lags,42.43660133865082,0.444727453728467,0.37257698395046623,0.6709803797281878,False,4.570391833194061,6,6.0,False
1,1000,0.1,rate_lags,59.73866031818991,0.5631448832169815,0.473566949985743,1.084036633180886,False,5.296871967941812,6,6.0,False
0,2000,0.1,rate_lags,44.44691850938355,0.459988652085763,0.36233701928156525,0.6709803797281878,False,4.504614705448868,6,6.0,False
1,2000,0.1,rate_lags,61.50229851235295,0.5736961381418155,0.46212900312118216,1.084036633180886,False,5.255381458696327,6,6.0,False
0,4000,0.1,rate_lags,46.27362694438185,0.4734919621837863,0.35327656314439265,0.6709803797281878,False,4.540718323774879,6,6.0,False
1,4000,0.1,rate_lags,63.28357201987347,0.5840942431532095,0.45085707637315897,1.084036633180886,False,5.240119309473063,6,6.0,False
